/async/,/docs/async/
/build/,/docs/build/
/cipher/,/docs/cipher/
/cli/,/docs/cli/
/cron/,/docs/cron/
/curl/,/docs/curl/
/csrf/,/docs/csrf/
/cssxpath/,/docs/cssxpath/
/config/,/docs/config/
/cookie/,/docs/cookie/
/daemon/,/docs/daemon/
/database/,/docs/database/
/dataobject/,/docs/dataobject/
/dom/,/docs/dom/
/domtemplate/,/docs/domtemplate/
/domvalidation/,/docs/domvalidation/
/fetch/,/docs/fetch/
/filecache/,/docs/filecache/
/flux/,/docs/flux/
/gtcommand/,/docs/gtcommand/
/http/,/docs/http/
/input/,/docs/input/
/installer/,/docs/installer/
/json/,/docs/json/
/logger/,/docs/logger/
/objectdocument/,/docs/objectdocument/
/orm/,/docs/orm/
/protectedglobal/,/docs/protectedglobal/
/promise/,/docs/promise/
/propfunc/,/docs/propfunc/
/routing/,/docs/routing/
/session/,/docs/session/
/server/,/docs/server/
/servicecontainer/,/docs/servicecontainer/
/sync/,/docs/sync/
/sqlbuilder/,/docs/sqlbuilder/
/typesafegetter/,/docs/typesafegetter/
/ulid/,/docs/ulid/
/webengine/,/docs/webengine/
